{"is_source_file": false, "format": "", "description": "", "external_files": [], "external_methods": [], "published": [], "classes": [], "methods": [], "calls": [], "search-terms": [], "state": 2, "file_id": 1, "knowledge_revision": 19, "git_revision": "7cf6d1476da24872309b3f40ded6f8b1b2d6914e", "hash": "0cb415a4abbca20271be2ef57d55e97d", "format-version": 4, "code-base-name": "tic_tac_toe_frontend", "filename": "README.md", "revision_history": [{"19": "7cf6d1476da24872309b3f40ded6f8b1b2d6914e"}]}