{"is_source_file": true, "format": "JavaScript (React JSX)", "description": "This is the main front-end component for a React application that manages a theme toggle (light/dark mode). It includes rendering logic for a theme toggle button, displays the current theme, and applies the theme to the document.", "external_files": ["./logo.svg", "./App.css"], "external_methods": [], "published": ["App"], "classes": [], "methods": [{"name": "App()", "description": "Functional React component that manages theme state and renders UI elements including a toggle button.", "scope": "", "scopeKind": ""}, {"name": "toggleTheme", "description": "Function to switch the theme state between 'light' and 'dark'."}], "calls": ["React.useState", "React.useEffect", "document.documentElement.setAttribute"], "search-terms": ["React App component", "theme toggle", "useState", "useEffect", "dark mode toggle", "React JSX"], "state": 2, "file_id": 10, "knowledge_revision": 25, "git_revision": "500904fd9c03a693c4780e737264ccf1ccebd81c", "ctags": [{"_type": "tag", "name": "App", "path": "/home/kavia/workspace/code-generation/modern-tic-tac-toe-312573-312593/tic_tac_toe_frontend/src/App.js", "pattern": "/^function App() {$/", "language": "JavaScript", "kind": "function", "signature": "()"}, {"_type": "tag", "name": "Switch to ${theme === 'light' ? 'dark' : 'light'} mode", "path": "/home/kavia/workspace/code-generation/modern-tic-tac-toe-312573-312593/tic_tac_toe_frontend/src/App.js", "pattern": "/^          aria-label={`Switch to ${theme === 'light' ? 'dark' : 'light'} mode`}$/", "language": "JavaScript", "kind": "field", "scope": "App.aria", "scopeKind": "class"}, {"_type": "tag", "name": "toggleTheme", "path": "/home/kavia/workspace/code-generation/modern-tic-tac-toe-312573-312593/tic_tac_toe_frontend/src/App.js", "pattern": "/^          onClick={toggleTheme}$/", "language": "JavaScript", "kind": "field", "scope": "App.onClick", "scopeKind": "class"}], "hash": "b55dd9e6a018e59207d8e277dffd9e11", "format-version": 4, "code-base-name": "tic_tac_toe_frontend", "filename": "tic_tac_toe_frontend/src/App.js", "fields": [{"name": "aria-label={`Switch to ${theme === 'light' ? 'dark' : 'light'} mode`}", "scope": "App.aria", "scopeKind": "class", "description": "unavailable"}, {"name": "onClick={toggleTheme}", "scope": "App.onClick", "scopeKind": "class", "description": "unavailable"}], "revision_history": [{"25": "500904fd9c03a693c4780e737264ccf1ccebd81c"}]}