{"is_source_file": true, "format": "JavaScript", "description": "The file serves as the entry point for a React application, setting up the root element and rendering the main App component within React StrictMode.", "external_files": ["react", "react-dom/client", "./index.css", "./App"], "external_methods": ["ReactDOM.createRoot"], "published": [], "classes": [], "methods": ["ReactDOM.createRoot", "root.render"], "calls": ["ReactDOM.createRoot", "root.render"], "search-terms": ["React", "ReactDOM", "createRoot", "strict mode", "index.js entry point"], "state": 2, "file_id": 7, "knowledge_revision": 24, "git_revision": "500904fd9c03a693c4780e737264ccf1ccebd81c", "ctags": [{"_type": "tag", "name": "root", "path": "/home/kavia/workspace/code-generation/modern-tic-tac-toe-312573-312593/tic_tac_toe_frontend/src/index.js", "pattern": "/^const root = ReactDOM.createRoot(document.getElementById('root'));$/", "language": "JavaScript", "kind": "constant"}], "hash": "9fc5841375336fc175b49f8767a11383", "format-version": 4, "code-base-name": "tic_tac_toe_frontend", "filename": "tic_tac_toe_frontend/src/index.js", "revision_history": [{"24": "500904fd9c03a693c4780e737264ccf1ccebd81c"}]}