{"is_source_file": false, "format": "", "description": "", "external_files": [], "external_methods": [], "published": [], "classes": [], "methods": [], "calls": [], "search-terms": [], "state": 2, "file_id": 4, "knowledge_revision": 26, "git_revision": "500904fd9c03a693c4780e737264ccf1ccebd81c", "hash": "f32b3263b1665ee573066724bea24301", "format-version": 4, "code-base-name": "tic_tac_toe_frontend", "filename": "tic_tac_toe_frontend/README.md", "revision_history": [{"26": "500904fd9c03a693c4780e737264ccf1ccebd81c"}]}