{"is_source_file": false, "format": "", "description": "", "external_files": [], "external_methods": [], "published": [], "classes": [], "methods": [], "calls": [], "search-terms": ["CSS variables", "theme-management", "dark mode", "responsive design", "App-style", "React app styling"], "state": 2, "file_id": 12, "knowledge_revision": 23, "git_revision": "500904fd9c03a693c4780e737264ccf1ccebd81c", "hash": "22f9e17cc1848b56dbb244518ac2707e", "format-version": 4, "code-base-name": "tic_tac_toe_frontend", "filename": "tic_tac_toe_frontend/src/App.css", "revision_history": [{"23": "500904fd9c03a693c4780e737264ccf1ccebd81c"}]}